course_id,sec_id,semester,year,time_slot_id,prof_id,room_num
AFST 100,1,Spring,2017,1,558,SOND208
AFST 100,2,Spring,2017,2,271,SOND113
AFST 100,3,Spring,2017,3,51,SOND206
AFST 205,1,Spring,2017,3,271,MP  012
AFST 206,1,Spring,2017,4,685,SHER006
AFST 211,1,Spring,2017,5,479,FA  001
AFST 213,1,Spring,2017,6,479,SOND206
AFST 215,1,Spring,2017,7,18,FA  015
AFST 245,1,Spring,2017,8,18,PAHB107
AFST 255,1,Spring,2017,5,558,SOND207
AFST 261,1,Spring,2017,9,51,SHER011
AFST 314,1,Spring,2017,10,668,SHER207
AFST 347,1,Spring,2017,11,486,FA  427
AFST 353,1,Spring,2017,12,668,MP  012
AFST 360,1,Spring,2017,13,51,PHYS107
AFST 369,1,Spring,2017,6,271,SOND204
AFST 439,1,Spring,2017,14,302,MP  012
AFST 440,1,Spring,2017,15,271,MP  010
AFST 495,1,Spring,2017,5,398,SOND101
AGNG 100,1,Spring,2017,14,399,FA  306
AGNG 100Y,1,Spring,2017,14,399,FA  306
AGNG 200,1,Spring,2017,1,261,FA  306
AGNG 200,2,Spring,2017,6,399,SHER003
AGNG 200,4,Spring,2017,16,36,PAHB107
AGNG 200Y,1,Spring,2017,6,399,SHER003
AGNG 200Y,2,Spring,2017,17,487,FA  001
AGNG 300,1,Spring,2017,18,219,UNKWN
AGNG 310,1,Spring,2017,19,279,FA  006
AGNG 320,1,Spring,2017,19,336,MP  012
AGNG 351,1,Spring,2017,8,287,MP  012
AGNG 415,1,Spring,2017,20,405,UNKWN
AGNG 460,1,Spring,2017,21,405,SOND203
AGNG 462,1,Spring,2017,21,405,SOND203
AGNG 470,1,Spring,2017,1,136,FA  303
AMST 100,1,Spring,2017,22,97,PAHB108
AMST 100,2,Spring,2017,4,97,PAHB108
AMST 100Y,1,Spring,2017,4,97,PAHB108
AMST 200,1,Spring,2017,4,250,FA  427
AMST 200,2,Spring,2017,23,250,FA  427
AMST 210,1,Spring,2017,9,619,FA  427
AMST 300,1,Spring,2017,8,249,FA 559
AMST 320,1,Spring,2017,14,295,ENGR022
AMST 320,2,Spring,2017,6,295,SOND112
AMST 320,3,Spring,2017,24,672,SG_32226
AMST 322,1,Spring,2017,25,672,PAHB234
AMST 352,1,Spring,2017,26,97,PAHB108
AMST 375,1,Spring,2017,9,249,FA  011
AMST 375,2,Spring,2017,3,249,FA  011
AMST 376,1,Spring,2017,14,659,SOND111
AMST 464,1,Spring,2017,6,62,FA 559
AMST 490,1,Spring,2017,27,338,FA 559
ANCS 150,1,Spring,2017,28,715,PAHB132
ANCS 202,1,Spring,2017,9,316,UC  115
ANCS 220,1,Spring,2017,29,258,FA  011
ANCS 375,1,Spring,2017,5,316,ITE 231
ANTH 101,1,Spring,2017,8,175,PUP 105
ANTH 211,1,Spring,2017,26,547,PHYS201
ANTH 211,3,Spring,2017,23,547,PHYS201
ANTH 211Y,1,Spring,2017,26,547,PHYS201
ANTH 211Y,3,Spring,2017,23,547,PHYS201
ANTH 214,1,Spring,2017,5,122,SOND107
ANTH 302,1,Spring,2017,25,175,FA  006
ANTH 310,1,Spring,2017,1,547,SOND101
ANTH 313,1,Spring,2017,3,547,PUP 203
ANTH 397,1,Spring,2017,5,576,PUP 208
ANTH 424,1,Spring,2017,7,122,PUP 203
ANTH 480,1,Spring,2017,9,123,PHYS107
ARBC 102,1,Spring,2017,23,189,SHER210
ARBC 102,2,Spring,2017,2,172,SOND205
ARBC 202,1,Spring,2017,30,189,FA  459
ARBC 302,1,Spring,2017,31,189,SHER108
ARCH 201,1,Spring,2017,14,358,ITE 102
ARCH 330,1,Spring,2017,26,364,FA  014
ARCH 340,1,Spring,2017,2,358,PAHB441
ARCH 350,1,Spring,2017,6,364,FA 301
ARCH 350,2,Spring,2017,32,542,PAHB233
ART 210,1,Spring,2017,33,348,FA  114
ART 210,2,Spring,2017,34,610,FA  114
ART 210,3,Spring,2017,35,137,FA  114
ART 210,4,Spring,2017,36,610,FA  114
ART 211,1,Spring,2017,37,501,FA 354
ART 211,2,Spring,2017,38,466,FA 354
ART 211,3,Spring,2017,35,116,FA 354
ART 211,4,Spring,2017,39,227,FA 354
ART 212,1,Spring,2017,39,409,FA  114
ART 212,2,Spring,2017,40,89,FA  114
ART 213,1,Spring,2017,41,449,FA  207C
ART 213,2,Spring,2017,35,569,FA  207C
ART 213,3,Spring,2017,36,569,FA  207C
ART 214,1,Spring,2017,36,339,FA  110C
ART 214,2,Spring,2017,39,339,FA  110C
ART 214,3,Spring,2017,42,89,FA  110C
ART 214,4,Spring,2017,40,140,FA  110C
ART 215,1,Spring,2017,7,183,PAHB132
ART 216,1,Spring,2017,7,16,FA  107
ART 216,2,Spring,2017,2,16,FA  107
ART 305,1,Spring,2017,40,137,FA  207C
ART 320,1,Spring,2017,39,152,FA  208
ART 321,1,Spring,2017,11,149,FA  215
ART 325,1,Spring,2017,43,252,FA  306
ART 327,1,Spring,2017,44,183,FA  342
ART 328,1,Spring,2017,45,695,FA  107
ART 329,1,Spring,2017,5,659,FA  107
ART 329,4,Spring,2017,8,48,FA  107
ART 329,5,Spring,2017,19,402,FA  342
ART 329,6,Spring,2017,6,400,FA  107
ART 331,1,Spring,2017,38,133,FA  343
ART 331,2,Spring,2017,36,133,FA  343
ART 332,1,Spring,2017,46,514,FA  112
ART 333,1,Spring,2017,35,541,FA  330
ART 333,2,Spring,2017,47,4,FA  112
ART 334,1,Spring,2017,35,386,FA  112
ART 336,1,Spring,2017,38,52,FA  112
ART 336,2,Spring,2017,33,388,FA  112
ART 337,1,Spring,2017,40,4,FA  112
ART 338,1,Spring,2017,36,52,FA  330
ART 341,1,Spring,2017,36,498,FA  323
ART 343,1,Spring,2017,7,30,PAHB132
ART 347,1,Spring,2017,34,182,FA  343
ART 347,2,Spring,2017,35,502,FA  342
ART 361,1,Spring,2017,39,509,FA 353
ART 362,1,Spring,2017,38,509,FA 353
ART 369,1,Spring,2017,40,116,FA 353
ART 370,1,Spring,2017,35,119,FA  208
ART 376,1,Spring,2017,48,119,FA  342
ART 380,1,Spring,2017,14,434,FA  107
ART 383,1,Spring,2017,49,690,FA  221A
ART 383,2,Spring,2017,39,466,FA  221A
ART 384,1,Spring,2017,35,30,ENGR005B
ART 387,1,Spring,2017,50,185,FA  323
ART 387,2,Spring,2017,49,30,FA  323
ART 392,1,Spring,2017,51,89,FA  526
ART 395,1,Spring,2017,7,616,SHER202
ART 429,1,Spring,2017,5,659,FA  107
ART 429,4,Spring,2017,8,48,FA  107
ART 429,5,Spring,2017,19,402,FA  342
ART 429,6,Spring,2017,6,400,FA  107
ART 430,1,Spring,2017,52,541,FA  330
ART 431,1,Spring,2017,53,180,FA  330
ART 431,2,Spring,2017,54,684,FA  330
ART 434,1,Spring,2017,39,133,FA  343
ART 435,1,Spring,2017,54,137,FA  323
ART 435,2,Spring,2017,55,185,FA  323
ART 447,1,Spring,2017,39,632,ENGR005B
ART 460,1,Spring,2017,40,119,FA  208
ART 484,1,Spring,2017,36,632,ENGR005B
ART 486,1,Spring,2017,33,632,ENGR005B
ART 488,1,Spring,2017,13,317,ENGR005B
ART 488,2,Spring,2017,55,185,FA  323
ART 488,3,Spring,2017,54,137,FA  323
ART 489,1,Spring,2017,56,498,FA  323
ART 489,2,Spring,2017,47,116,FA 353
ASIA 214,1,Spring,2017,5,122,SOND107
ASIA 300,1,Spring,2017,2,269,FA  011
ASIA 300,2,Spring,2017,2,47,PAHB151
BIOL 123,1,Spring,2017,14,703,UC  115
BIOL 141,1,Spring,2017,2,205,MEYR030
BIOL 142,1,Spring,2017,23,483,MEYR030
BIOL 251,1,Spring,2017,14,293,AD  101
BIOL 251L,1,Spring,2017,57,293,BIOL006
BIOL 251L,2,Spring,2017,58,293,BIOL006
BIOL 251L,3,Spring,2017,59,293,BIOL006
BIOL 251L,4,Spring,2017,60,293,BIOL006
BIOL 252,1,Spring,2017,5,214,LH1 101
BIOL 252L,1,Spring,2017,61,214,BIOL005
BIOL 252L,2,Spring,2017,62,214,BIOL005
BIOL 252L,3,Spring,2017,63,214,BIOL005
BIOL 275,1,Spring,2017,6,28,MEYR030
BIOL 275L,1,Spring,2017,64,597,PUP 105
BIOL 300L,1,Spring,2017,57,641,BIOL007
BIOL 300L,3,Spring,2017,65,641,BIOL007
BIOL 300L,4,Spring,2017,66,641,BIOL008
BIOL 300L,5,Spring,2017,59,641,BIOL007
BIOL 300L,6,Spring,2017,67,641,BIOL008
BIOL 300L,7,Spring,2017,68,641,BIOL007
BIOL 300L,8,Spring,2017,68,641,BIOL008
BIOL 300L,9,Spring,2017,69,641,BIOL007
BIOL 300L,10,Spring,2017,69,641,BIOL008
BIOL 302,1,Spring,2017,5,65,MEYR030
BIOL 302L,1,Spring,2017,70,114,SHER003
BIOL 303,1,Spring,2017,6,555,ENGR027
BIOL 303L,1,Spring,2017,71,703,BIOL160
BIOL 303L,2,Spring,2017,72,703,BIOL160
BIOL 305L,1,Spring,2017,65,155,BIOL156
BIOL 305L,2,Spring,2017,59,155,BIOL156
BIOL 305L,3,Spring,2017,60,155,BIOL156
BIOL 307,1,Spring,2017,14,155,UC  115D
BIOL 313,1,Spring,2017,73,194,BIOL004
BIOL 316L,1,Spring,2017,35,114,ENGR104
BIOL 340L,1,Spring,2017,74,703,BIOL160
BIOL 395,1,Spring,2017,11,564,BIOL461
BIOL 397,1,Spring,2017,21,337,MP  008
BIOL 397,2,Spring,2017,75,657,SHER108
BIOL 412,1,Spring,2017,34,229,ITE 229
BIOL 414,1,Spring,2017,39,654,BIOL004
BIOL 415,1,Spring,2017,76,385,ENGR021
BIOL 420,1,Spring,2017,76,442,BIOL004
BIOL 425,1,Spring,2017,37,528,BIOL004
BIOL 430,1,Spring,2017,77,101,ENGR027
BIOL 454,1,Spring,2017,39,146,BIOL461
BIOL 456,1,Spring,2017,36,392,BIOL004
BIOL 486,1,Spring,2017,34,101,BIOL461
BIOL 495,1,Spring,2017,78,324,BIOL004
BIOL 499L,1,Spring,2017,79,324,BIOL461
CHEM 100,1,Spring,2017,80,379,MEYR272
CHEM 101,1,Spring,2017,80,112,MEYR030
CHEM 102,1,Spring,2017,26,264,MEYR030
CHEM 102,6,Spring,2017,30,264,MEYR030
CHEM 102H,1,Spring,2017,26,264,MEYR030
CHEM 102L,2,Spring,2017,71,688,MEYR301
CHEM 102L,6,Spring,2017,72,688,MEYR301
CHEM 102L,10,Spring,2017,81,688,ITE 104
CHEM 102L,11,Spring,2017,82,688,MEYR301
CHEM 102L,15,Spring,2017,74,688,MEYR301
CHEM 124,1,Spring,2017,14,682,PUP 105
CHEM 124L,2,Spring,2017,83,688,MEYR301
CHEM 300,2,Spring,2017,71,574,MEYR340
CHEM 300,3,Spring,2017,72,574,MEYR340
CHEM 302,1,Spring,2017,4,332,ITE 102
CHEM 303,1,Spring,2017,45,231,LH1 101
CHEM 312L,3,Spring,2017,84,26,MEYR277
CHEM 351,1,Spring,2017,4,511,LH1 101
CHEM 351L,2,Spring,2017,82,511,MEYR371
CHEM 351L,6,Spring,2017,71,511,MEYR371
CHEM 352,1,Spring,2017,4,239,ITE 104
CHEM 352,2,Spring,2017,23,239,ITE 104
CHEM 352L,1,Spring,2017,85,640,ITE 104
CHEM 352L,2,Spring,2017,74,640,MEYR371
CHEM 352L,6,Spring,2017,72,640,MEYR371
CHEM 352L,10,Spring,2017,83,640,MEYR371
CHEM 401,1,Spring,2017,45,737,MEYR272
CHEM 437L,2,Spring,2017,86,682,MEYR352
CHEM 437L,3,Spring,2017,84,682,MEYR352
CHEM 438,1,Spring,2017,87,212,SHER003
CHEM 455,1,Spring,2017,6,534,ITE 102
CHEM 461,1,Spring,2017,14,151,MEYR272
CHEM 461,3,Spring,2017,74,151,MEYR348
CHEM 490,1,Spring,2017,23,529,MEYR272
CHEM 490,2,Spring,2017,26,11,MEYR272
CHEM 490,3,Spring,2017,6,228,MEYR272
CHEM 490,4,Spring,2017,6,484,MEYR351
CHIN 102,1,Spring,2017,88,381,ITE 239
CHIN 102,2,Spring,2017,3,680,SHER006
CHIN 201,1,Spring,2017,89,680,ITE 237
CHIN 202,1,Spring,2017,9,381,ITE 239
CHIN 302,1,Spring,2017,6,96,SOND101
CHIN 319,1,Spring,2017,5,96,ITE 239
CMPE 212,1,Spring,2017,9,517,SHER145
CMPE 212,5,Spring,2017,90,634,ENGR231
CMPE 212,8,Spring,2017,91,634,ITE 242
CMPE 306,1,Spring,2017,14,359,MEYR030
CMPE 306,5,Spring,2017,6,740,SHER151
CMPE 310,1,Spring,2017,3,629,ITE 233
CMPE 314,1,Spring,2017,2,740,SHER150
CMPE 315,1,Spring,2017,11,499,ITE 375
CMPE 320,1,Spring,2017,89,359,ITE 104
CMPE 330,1,Spring,2017,14,436,SHER145
CMPE 349,1,Spring,2017,4,359,FA  215
CMPE 415,1,Spring,2017,5,447,ITE 375
CMPE 418,1,Spring,2017,3,327,SOND209
CMPE 419,1,Spring,2017,2,517,ITE 231
CMPE 422,1,Spring,2017,3,561,ITE 227
CMPE 451,1,Spring,2017,23,359,ENGR231
CMPE 491,1,Spring,2017,13,113,ENGR023
CMPE 491,2,Spring,2017,5,#N/A,FA 301
CMPE 491,4,Spring,2017,13,126,ITE 346
CMPE 491,5,Spring,2017,9,561,FA  015
CMSC 104,1,Spring,2017,92,179,ENGR122
CMSC 104,2,Spring,2017,13,56,ENGR122
CMSC 201,1,Spring,2017,9,238,SHER003
CMSC 201,6,Spring,2017,93,238,ENGR104A
CMSC 201,7,Spring,2017,6,727,PUP 105
CMSC 201,8,Spring,2017,94,727,ENGR104A
CMSC 201,13,Spring,2017,89,238,MEYR030
CMSC 201,14,Spring,2017,95,238,ENGR104A
CMSC 201,19,Spring,2017,2,727,ENGR027
CMSC 202,1,Spring,2017,14,174,PHYS101
CMSC 202,6,Spring,2017,13,356,ITE 102
CMSC 202,11,Spring,2017,2,174,ITE 102
CMSC 202,16,Spring,2017,11,611,LH1 101
CMSC 203,1,Spring,2017,13,290,MP  101
CMSC 203,2,Spring,2017,13,127,ITE 104
CMSC 203,3,Spring,2017,9,387,ITE 227
CMSC 203,4,Spring,2017,14,745,FA  014
CMSC 203,5,Spring,2017,6,745,FA  014
CMSC 203,6,Spring,2017,5,410,SHER003
CMSC 304,1,Spring,2017,92,81,SOND209
CMSC 304,2,Spring,2017,92,221,MP  106
CMSC 304,4,Spring,2017,9,174,SOND105
CMSC 313,1,Spring,2017,14,496,PAHB234
CMSC 313,2,Spring,2017,92,496,ENGR231
CMSC 313,3,Spring,2017,3,353,SHER015
CMSC 313,4,Spring,2017,89,353,SHER015
CMSC 331,1,Spring,2017,5,611,SHER150
CMSC 331,2,Spring,2017,3,611,FA  303
CMSC 331,4,Spring,2017,92,735,MP  104
CMSC 341,1,Spring,2017,6,120,SHER150
CMSC 341,2,Spring,2017,5,496,FA  014
CMSC 341,3,Spring,2017,2,496,FA  014
CMSC 341,4,Spring,2017,14,120,SHER150
CMSC 341,5,Spring,2017,29,281,ITE 227
CMSC 352,1,Spring,2017,16,59,ITE 231
CMSC 411,1,Spring,2017,92,102,SOND208
CMSC 411,2,Spring,2017,89,649,SHER150
CMSC 411,3,Spring,2017,2,649,ITE 227
CMSC 411,4,Spring,2017,32,102,SOND208
CMSC 421,1,Spring,2017,92,667,SHER151
CMSC 421,2,Spring,2017,6,605,SHER014
CMSC 421,3,Spring,2017,13,679,FA  215
CMSC 426,1,Spring,2017,92,111,ITE 102
CMSC 433,1,Spring,2017,9,393,SHER013
CMSC 433,2,Spring,2017,3,393,SHER013
CMSC 435,1,Spring,2017,9,39,FA  303
CMSC 441,1,Spring,2017,9,410,MP  106
CMSC 441,2,Spring,2017,23,615,ITE 227
CMSC 441,3,Spring,2017,11,410,SHER145
CMSC 443,1,Spring,2017,14,472,ITE 233
CMSC 447,1,Spring,2017,9,727,SOND209
CMSC 447,2,Spring,2017,89,727,SOND203
CMSC 447,4,Spring,2017,5,319,SHER015
CMSC 447,5,Spring,2017,92,71,ENGR022
CMSC 453,1,Spring,2017,96,25,ENGR023
CMSC 461,1,Spring,2017,92,559,SHER145
CMSC 461,3,Spring,2017,5,323,ITE 227
CMSC 471,1,Spring,2017,89,211,PAHB234
CMSC 471,2,Spring,2017,2,448,SHER013
CMSC 473,1,Spring,2017,11,721,MP  104
CMSC 478,1,Spring,2017,2,474,ITE 233
CMSC 481,1,Spring,2017,14,608,SHER015
CMSC 481,4,Spring,2017,32,756,SHER151
CMSC 483,1,Spring,2017,92,624,SHER015
CMSC 487,1,Spring,2017,14,701,SOND114
CMSC 491,1,Spring,2017,13,539,SHER145
CMSC 491,3,Spring,2017,5,35,ITE 233
CMSC 491,4,Spring,2017,13,464,ITE 233
CMSC 491,5,Spring,2017,9,125,SHER015
CMSC 491,6,Spring,2017,2,522,SHER015
CMSC 491,8,Spring,2017,97,318,SHER006
CMSC 493,1,Spring,2017,13,317,ENGR005B
DANC 110,1,Spring,2017,5,572,PAHB337
DANC 110,2,Spring,2017,9,572,PAHB337
DANC 201,1,Spring,2017,14,692,SOND204
DANC 216,1,Spring,2017,98,147,PAHB337
DANC 240,1,Spring,2017,99,492,PAHB231
DANC 260,1,Spring,2017,7,18,FA  015
DANC 290,1,Spring,2017,70,130,FA  317
DANC 301,1,Spring,2017,100,350,PAHB337
DANC 301,2,Spring,2017,51,89,FA  526
DANC 301,3,Spring,2017,101,22,PAHB231
DANC 310,1,Spring,2017,102,512,PAHB231
DANC 315,1,Spring,2017,9,361,PAHB231
DANC 316,1,Spring,2017,103,147,PAHB337
DANC 320,1,Spring,2017,102,543,PAHB337
DANC 325,1,Spring,2017,104,543,PAHB319
DANC 330,1,Spring,2017,5,543,PAHB231
DANC 340,1,Spring,2017,2,278,PAHB230
DANC 399,1,Spring,2017,105,314,PAHB319
DANC 416,1,Spring,2017,45,2,PAHB337
DANC 420,1,Spring,2017,106,361,PAHB337
DANC 475,1,Spring,2017,107,543,PAHB319
ECAC 317,1,Spring,2017,6,432,SOND103
ECAC 321,1,Spring,2017,108,93,SHER011
ECAC 330,1,Spring,2017,45,650,PUP 206
ECAC 401,1,Spring,2017,80,95,PUP 208
ECON 101,1,Spring,2017,4,490,SHER003
ECON 101,2,Spring,2017,23,198,PUP 105
ECON 101,3,Spring,2017,26,198,PUP 105
ECON 101,4,Spring,2017,80,198,PUP 206
ECON 101,5,Spring,2017,13,445,MP  103
ECON 101,6,Spring,2017,45,394,AD  101
ECON 101,7,Spring,2017,6,169,PUP 208
ECON 101,8,Spring,2017,18,331,PUP 208
ECON 101,9,Spring,2017,16,200,ENGR023
ECON 102,1,Spring,2017,4,157,SOND103
ECON 102,2,Spring,2017,23,157,AD  101
ECON 102,3,Spring,2017,8,43,SHER003
ECON 102,4,Spring,2017,5,241,FA  306
ECON 121,1,Spring,2017,4,20,PUP 206
ECON 121,3,Spring,2017,23,20,PUP 206
ECON 121,4,Spring,2017,2,432,MP  106
ECON 121,5,Spring,2017,80,420,SOND110
ECON 121,7,Spring,2017,26,20,PUP 206
ECON 121,8,Spring,2017,2,121,PUP 208
ECON 121,9,Spring,2017,109,132,PUP 206
ECON 121,10,Spring,2017,16,255,PUP 208
ECON 122,1,Spring,2017,110,420,PUP 206
ECON 122,2,Spring,2017,23,420,SOND101
ECON 122,3,Spring,2017,26,420,SOND101
ECON 122,4,Spring,2017,25,255,PUP 206
ECON 122,5,Spring,2017,43,420,PUP 208
ECON 122,6,Spring,2017,30,95,PUP 206
ECON 122,7,Spring,2017,6,95,SOND111
ECON 301,1,Spring,2017,5,95,SOND112
ECON 301,2,Spring,2017,6,650,PUP 206
ECON 302,1,Spring,2017,14,650,PUP 206
ECON 311,1,Spring,2017,3,61,PUP 105
ECON 311,2,Spring,2017,6,394,PHYS101
ECON 312,1,Spring,2017,25,43,SHER003
ECON 312,2,Spring,2017,5,567,MP  104
ECON 312,3,Spring,2017,2,675,PUP 206
ECON 320,1,Spring,2017,111,202,PAHB132
ECON 374,1,Spring,2017,1,363,ENGR027
ECON 374,2,Spring,2017,6,567,LH1 101
ECON 405,1,Spring,2017,18,457,PUP 105
ECON 408,1,Spring,2017,22,157,SOND103
ECON 421,1,Spring,2017,3,696,SOND101
ECON 423,1,Spring,2017,9,749,ITE 102
ECON 437,1,Spring,2017,16,600,FA  011
ECON 443,1,Spring,2017,19,675,FA  011
ECON 451,1,Spring,2017,5,169,PUP 206
ECON 467,1,Spring,2017,7,744,PUP 105
ECON 471,1,Spring,2017,43,429,PUP 105
ECON 474,1,Spring,2017,7,573,FA  011
ECON 475,1,Spring,2017,1,363,ENGR027
ECON 478,1,Spring,2017,25,234,PUP 105
ECON 482,1,Spring,2017,89,749,PHYS101
EDUC 216,1,Spring,2017,1,308,MEYR256
EDUC 299,1,Spring,2017,112,556,SHER208
EDUC 306,1,Spring,2017,113,192,ENGR027
EDUC 310,1,Spring,2017,12,481,SHER110
EDUC 310,2,Spring,2017,19,638,SOND205
EDUC 311,1,Spring,2017,114,725,SHER208
EDUC 311,2,Spring,2017,115,725,SHER208
EDUC 313,1,Spring,2017,11,64,MP  106
EDUC 388,1,Spring,2017,25,728,SHER110
EDUC 388,2,Spring,2017,116,707,SHER121
EDUC 410,1,Spring,2017,18,280,SHER208
EDUC 410,2,Spring,2017,1,206,SHER109
EDUC 412,1,Spring,2017,19,86,SHER121
EDUC 412,2,Spring,2017,117,536,SHER208
EDUC 414,1,Spring,2017,7,471,SHER109
EDUC 416,1,Spring,2017,18,612,SHER110
EDUC 417,1,Spring,2017,1,315,ITE 456
EDUC 418,1,Spring,2017,7,612,SHER110
EDUC 419,2,Spring,2017,118,660,SHER121
EDUC 420,1,Spring,2017,19,254,SHER110
EDUC 433,1,Spring,2017,44,660,SHER121
EDUC 439,1,Spring,2017,44,556,SHER208
EDUC 441,1,Spring,2017,118,602,SHER011
EDUC 442,1,Spring,2017,119,557,SHER121
EDUC 447,1,Spring,2017,19,653,SHER109
EDUC 453,1,Spring,2017,1,78,SHER110
EDUC 457,1,Spring,2017,43,626,FA  014
EHS 102,1,Spring,2017,120,723,FA  526
EHS 200,1,Spring,2017,5,742,FA  011
EHS 203,1,Spring,2017,121,723,FA  526
EHS 311,1,Spring,2017,122,446,SHER013
EHS 330,1,Spring,2017,48,446,SHER305
EHS 345,1,Spring,2017,16,163,ITE 233
EHS 350,1,Spring,2017,5,710,SHER305
EHS 351,2,Spring,2017,6,216,SHER305
EHS 360,1,Spring,2017,27,375,SHER305
EHS 400,1,Spring,2017,123,216,SOND409
EHS 464,1,Spring,2017,124,526,SHER305
EHS 465,1,Spring,2017,125,526,SHER305
EHS 466,1,Spring,2017,126,526,SHER305
EHS 468,1,Spring,2017,127,723,SHER305
EHS 482,1,Spring,2017,128,723,SHER305
EHS 484,1,Spring,2017,129,723,SHER305
EHS 492,1,Spring,2017,127,723,SHER304
EHS 498,1,Spring,2017,7,131,SHER014
ELC 41,1,Spring,2017,22,292,UC  201A
ELC 42,1,Spring,2017,4,292,UC  201A
ELC 43,1,Spring,2017,5,443,ENGR021A
ELC 51,1,Spring,2017,22,443,UC  201B
ELC 51,2,Spring,2017,22,#N/A,SHER207
ELC 51,3,Spring,2017,22,#N/A,UNKWN
ELC 52,1,Spring,2017,4,443,UC  201B
ELC 52,2,Spring,2017,4,#N/A,SHER207
ELC 52,3,Spring,2017,4,#N/A,UNKWN
ELC 53,1,Spring,2017,5,#N/A,ENGR104
ELC 53,2,Spring,2017,130,443,PAHB124
ELC 61,1,Spring,2017,45,443,MP  105
ELC 63,1,Spring,2017,2,#N/A,PHYS107
ENCH 225L,2,Spring,2017,131,535,ENGR336
ENCH 225L,3,Spring,2017,132,535,ENGR122A
ENCH 225L,4,Spring,2017,133,535,ENGR122A
ENCH 225L,5,Spring,2017,134,535,ENGR336
ENCH 333,1,Spring,2017,135,411,PAHB132
ENCH 412,1,Spring,2017,3,272,FA  006
ENCH 427,2,Spring,2017,14,235,FA  303
ENCH 427,3,Spring,2017,6,235,FA  303
ENCH 440,2,Spring,2017,14,411,PAHB108
ENCH 440,3,Spring,2017,6,411,PAHB108
ENCH 442,2,Spring,2017,23,535,ITE 102
ENCH 446,2,Spring,2017,23,115,FA  015
ENCH 446,3,Spring,2017,26,115,FA  015
ENCH 450,1,Spring,2017,136,579,BIOL120
ENCH 476,1,Spring,2017,2,235,FA  001
ENCH 484,1,Spring,2017,19,369,SOND203
ENCH 485L,1,Spring,2017,137,368,ENGR334B
ENES 100,1,Spring,2017,138,260,ITE 238
ENES 101,1,Spring,2017,139,546,ITE 104
ENGL 100,1,Spring,2017,88,76,PAHB314
ENGL 100,2,Spring,2017,140,76,PAHB314
ENGL 100,3,Spring,2017,3,181,PAHB314
ENGL 100,4,Spring,2017,14,396,PAHB317
ENGL 100,5,Spring,2017,88,181,PAHB317
ENGL 100,6,Spring,2017,140,181,PAHB317
ENGL 100,7,Spring,2017,92,506,PAHB317
ENGL 100,8,Spring,2017,29,77,PAHB318
ENGL 100,9,Spring,2017,3,578,PAHB317
ENGL 100,10,Spring,2017,5,334,PAHB317
ENGL 100,12,Spring,2017,9,422,PAHB314
ENGL 100,13,Spring,2017,140,267,PAHB318
ENGL 100,14,Spring,2017,9,482,PAHB317
ENGL 100,16,Spring,2017,11,77,PAHB317
ENGL 100,17,Spring,2017,6,531,PAHB314
ENGL 100,18,Spring,2017,5,100,PAHB318
ENGL 100,19,Spring,2017,2,37,PAHB318
ENGL 100,20,Spring,2017,45,129,PAHB317
ENGL 100,21,Spring,2017,2,100,PAHB317
ENGL 100,22,Spring,2017,9,459,PAHB318
ENGL 100,23,Spring,2017,3,372,PAHB318
ENGL 100,24,Spring,2017,6,334,PAHB317
ENGL 100,25,Spring,2017,5,531,PAHB314
ENGL 110,1,Spring,2017,5,711,ENGR122
ENGL 190,1,Spring,2017,29,717,SHER013
ENGL 191,1,Spring,2017,5,362,FA  015
ENGL 210,1,Spring,2017,89,181,PAHB108
ENGL 226,1,Spring,2017,9,129,ENGR122
ENGL 233,1,Spring,2017,14,482,SOND112
ENGL 261,1,Spring,2017,9,51,SHER011
ENGL 271,1,Spring,2017,9,76,PAHB107
ENGL 271,2,Spring,2017,3,76,PAHB107
ENGL 273,1,Spring,2017,11,506,PAHB107
ENGL 291,1,Spring,2017,6,482,ENGR104
ENGL 291,2,Spring,2017,18,722,MEYR256
ENGL 291,3,Spring,2017,13,618,PAHB318
ENGL 291,4,Spring,2017,9,618,SHER207
ENGL 300,1,Spring,2017,3,617,PAHB108
ENGL 300,2,Spring,2017,2,401,PAHB428
ENGL 301,1,Spring,2017,9,199,PAHB108
ENGL 301,2,Spring,2017,5,197,PAHB108
ENGL 302,1,Spring,2017,9,207,PAHB428
ENGL 303,1,Spring,2017,3,530,FA  018
ENGL 304,1,Spring,2017,6,430,FA  018
ENGL 306,1,Spring,2017,3,207,PAHB428
ENGL 307,1,Spring,2017,2,171,PAHB107
ENGL 308,1,Spring,2017,14,60,FA  018
ENGL 317,1,Spring,2017,13,577,SOND113
ENGL 321,1,Spring,2017,89,398,PAHB314
ENGL 324,1,Spring,2017,5,401,PAHB428
ENGL 326,1,Spring,2017,26,213,SOND111
ENGL 360,1,Spring,2017,13,51,PHYS107
ENGL 373,1,Spring,2017,89,530,SHER108
ENGL 375,1,Spring,2017,6,691,PAHB428
ENGL 382,1,Spring,2017,45,139,PAHB428
ENGL 383,1,Spring,2017,89,577,FA  018
ENGL 385,1,Spring,2017,9,617,FA  001
ENGL 391,1,Spring,2017,11,428,PAHB314
ENGL 391,2,Spring,2017,25,673,PAHB317
ENGL 391,3,Spring,2017,5,428,FA  424
ENGL 392,1,Spring,2017,20,213,PAHB312
ENGL 392,2,Spring,2017,141,213,PAHB312
ENGL 392,3,Spring,2017,112,213,PAHB312
ENGL 392,4,Spring,2017,142,396,PAHB311
ENGL 392,5,Spring,2017,143,396,PAHB311
ENGL 392,6,Spring,2017,21,396,SHER007
ENGL 392,10,Spring,2017,141,506,PAHB313
ENGL 392,11,Spring,2017,144,506,PAHB313
ENGL 392,12,Spring,2017,145,506,PAHB313
ENGL 393,1,Spring,2017,18,300,ENGR021
ENGL 393,2,Spring,2017,45,708,PAHB314
ENGL 393,3,Spring,2017,32,58,PAHB314
ENGL 393,4,Spring,2017,14,708,PAHB314
ENGL 393,5,Spring,2017,5,708,ENGR021
ENGL 393,6,Spring,2017,2,88,PAHB314
ENGL 393,7,Spring,2017,92,462,PAHB314
ENGL 393,8,Spring,2017,11,465,ENGR021
ENGL 393,9,Spring,2017,2,465,ENGR021
ENGL 393,10,Spring,2017,32,462,PAHB317
ENGL 393,11,Spring,2017,6,58,PAHB318
ENGL 405,1,Spring,2017,8,639,PAHB428
ENGL 407,1,Spring,2017,1,423,PAHB428
ENGL 411,1,Spring,2017,1,197,PAHB107
ENGL 414,1,Spring,2017,7,471,SHER109
ENGL 415,1,Spring,2017,18,612,SHER110
ENGL 448,1,Spring,2017,19,171,PAHB428
ENGL 464,1,Spring,2017,5,430,PAHB123
ENGL 471,1,Spring,2017,89,618,PAHB124
ENGL 480,1,Spring,2017,14,139,PAHB428
ENGL 493,1,Spring,2017,7,401,PAHB428
ENME 110,1,Spring,2017,14,260,ITE 104
ENME 204,1,Spring,2017,146,681,PUP 105
ENME 217,1,Spring,2017,45,588,PAHB132
ENME 217,3,Spring,2017,14,588,ENGR231
ENME 220,1,Spring,2017,14,265,ITE 227
ENME 221,1,Spring,2017,5,303,PUP 105
ENME 301,1,Spring,2017,9,588,ITE 238
ENME 303,1,Spring,2017,78,588,ITE 231
ENME 304,1,Spring,2017,4,571,PAHB132
ENME 320,1,Spring,2017,45,748,ITE 227
ENME 321,1,Spring,2017,2,395,SHER003
ENME 332L,2,Spring,2017,147,758,ENGR118
ENME 332L,3,Spring,2017,148,758,ENGR118
ENME 332L,4,Spring,2017,149,758,ENGR118
ENME 332L,5,Spring,2017,131,758,ENGR118
ENME 360,1,Spring,2017,92,373,ITE 104
ENME 403,1,Spring,2017,13,33,SHER150
ENME 408,1,Spring,2017,89,681,ITE 238
ENME 408,2,Spring,2017,5,201,SHER006
ENME 408,4,Spring,2017,150,414,FA  215
ENME 425,1,Spring,2017,89,700,FA  001
ENME 432L,2,Spring,2017,151,755,ENGR118
ENME 432L,3,Spring,2017,152,755,ENGR118
ENME 432L,4,Spring,2017,153,755,ENGR118
ENME 444,1,Spring,2017,26,571,PAHB132
ENME 482L,2,Spring,2017,154,167,ITE 242
ENME 482L,3,Spring,2017,155,167,ITE 242
ENME 482L,4,Spring,2017,156,167,ITE 242
ENME 489,1,Spring,2017,3,571,FA  015
ENME 489,2,Spring,2017,13,44,PAHB124
ENME 489,6,Spring,2017,14,395,PAHB107
ENTR 200,1,Spring,2017,7,425,SOND103
ENTR 200,2,Spring,2017,19,13,PUP 208
ENTR 201,1,Spring,2017,8,413,FA  306
ENTR 320,1,Spring,2017,7,656,SOND204
ENTR 340,1,Spring,2017,7,413,PAHB124
FREN 101,1,Spring,2017,4,41,SHER210
FREN 101,2,Spring,2017,23,41,SOND208
FREN 101,3,Spring,2017,14,172,MP  008
FREN 101,4,Spring,2017,6,172,ENGR022
FREN 102,1,Spring,2017,4,55,SOND105
FREN 102,2,Spring,2017,23,55,SOND209
FREN 102,3,Spring,2017,45,455,ITE 239
FREN 102,4,Spring,2017,14,455,SOND113
FREN 103,1,Spring,2017,4,189,SOND114
FREN 201,1,Spring,2017,80,55,FA  006
FREN 201,2,Spring,2017,89,173,ITE 241
FREN 201,3,Spring,2017,6,455,ITE 233
FREN 201,4,Spring,2017,2,455,ITE 237
FREN 201,5,Spring,2017,11,455,SHER210
FREN 202,1,Spring,2017,9,173,SHER210
FREN 301,1,Spring,2017,14,166,FA  459
FREN 302,1,Spring,2017,3,173,SOND112
FREN 315,1,Spring,2017,5,320,SHER007
FREN 320,1,Spring,2017,6,166,SOND205
FREN 330,1,Spring,2017,45,203,FA  424
FREN 440,1,Spring,2017,7,203,SOND101
FYS 101,9,Spring,2017,14,398,SOND203
FYS 101,10,Spring,2017,14,303,PAHB124
FYS 101,11,Spring,2017,7,399,ENGR336
FYS 101,12,Spring,2017,6,486,PAHB124
FYS 101,13,Spring,2017,15,456,PAHB201
FYS 101,14,Spring,2017,157,333,ENGR021A
FYS 101Y,1,Spring,2017,2,370,MEYR256
FYS 101Y,3,Spring,2017,3,45,PAHB123
FYS 102,1,Spring,2017,70,157,SHER207
FYS 102,8,Spring,2017,158,725,SHER208
FYS 102,9,Spring,2017,8,143,SHER207
FYS 102,12,Spring,2017,14,225,LIB 259
FYS 107,1,Spring,2017,159,545,ITE 231
GCSP 302,1,Spring,2017,160,165,ENGR231
GERM 101,1,Spring,2017,80,69,SOND113
GERM 102,1,Spring,2017,14,663,SOND105
GERM 102,2,Spring,2017,6,663,SOND203
GERM 201,1,Spring,2017,14,731,PAHB123
GERM 201,2,Spring,2017,2,731,PAHB123
GERM 202,1,Spring,2017,6,731,PAHB123
GERM 302,1,Spring,2017,45,731,PAHB123
GERM 375,1,Spring,2017,2,663,SHER007
GERM 481,1,Spring,2017,8,366,FA  459
GES 102,100,Spring,2017,3,365,AD  101
GES 102,200,Spring,2017,14,66,LH1 101
GES 110,100,Spring,2017,14,440,ENGR027
GES 110,300,Spring,2017,2,662,FA  306
GES 120,1,Spring,2017,6,418,AD  101
GES 220,2,Spring,2017,161,91,SOND006
GES 220,3,Spring,2017,162,91,SOND006
GES 286,200,Spring,2017,163,595,SOND007
GES 286,300,Spring,2017,164,595,SOND007
GES 302,1,Spring,2017,48,743,SOND108
GES 302,2,Spring,2017,26,263,SOND108
GES 302,3,Spring,2017,29,623,SOND108
GES 302,4,Spring,2017,32,655,SOND205
GES 307,1,Spring,2017,32,42,SOND111
GES 310,1,Spring,2017,5,440,SOND204
GES 338,1,Spring,2017,9,286,SOND202
GES 341,1,Spring,2017,14,27,SOND108
GES 383,1,Spring,2017,165,176,SOND007
GES 386,1,Spring,2017,166,176,SOND007
GES 400,1,Spring,2017,2,27,SOND203
GES 406,1,Spring,2017,2,664,SOND006
GES 413,1,Spring,2017,6,662,SOND001
GES 419,1,Spring,2017,9,32,SOND001
GES 429,1,Spring,2017,5,#N/A,UNKWN
GES 462,1,Spring,2017,92,461,SOND001
GES 488,1,Spring,2017,6,176,SOND007
GLBL 101,1,Spring,2017,6,686,FA  427
GLBL 301,1,Spring,2017,13,210,FA  424
GREK 102,1,Spring,2017,167,568,PAHB441
GREK 362,1,Spring,2017,2,568,UNKWN
GWST 100,1,Spring,2017,14,329,FA  424
GWST 100,2,Spring,2017,2,329,SOND110
GWST 200,1,Spring,2017,14,177,FA  011
GWST 210,1,Spring,2017,9,619,FA  427
GWST 300,1,Spring,2017,89,421,FA  424
GWST 321,1,Spring,2017,5,329,SOND203
GWST 322,1,Spring,2017,11,486,FA  427
GWST 333,1,Spring,2017,2,391,PUP 105
GWST 338,1,Spring,2017,25,486,SOND112
GWST 340,1,Spring,2017,23,63,FA  011
GWST 340,2,Spring,2017,26,63,FA  011
GWST 352,1,Spring,2017,16,59,ITE 231
GWST 353,1,Spring,2017,45,270,ENGR027
GWST 357,1,Spring,2017,3,192,SOND105
GWST 374,1,Spring,2017,89,704,SHER145
GWST 380,1,Spring,2017,11,473,SHER013
GWST 390,1,Spring,2017,13,577,SOND113
GWST 390,2,Spring,2017,89,619,FA  427
GWST 390,3,Spring,2017,7,694,FA  018
GWST 392,1,Spring,2017,89,619,FA  427
GWST 433,1,Spring,2017,19,8,PUP 204
GWST 439,1,Spring,2017,14,302,MP  012
GWST 464,1,Spring,2017,5,430,PAHB123
GWST 480,1,Spring,2017,19,342,SHER006
GWST 485,1,Spring,2017,6,177,FA  424
GWST 495,1,Spring,2017,168,63,FA  404
HAPP 100,1,Spring,2017,14,154,MP  106
HAPP 100,2,Spring,2017,2,154,MP  103
HAPP 200,1,Spring,2017,25,107,PHYS201
HAPP 200,2,Spring,2017,9,68,PHYS201
HAPP 300,1,Spring,2017,9,103,SHER014
HAPP 300,2,Spring,2017,89,103,SHER014
HAPP 340,1,Spring,2017,3,68,PHYS201
HAPP 350,1,Spring,2017,23,322,SHER014
HAPP 354,1,Spring,2017,26,322,FA  427
HAPP 354,2,Spring,2017,16,521,PHYS201
HAPP 380,2,Spring,2017,2,521,BIOL120
HAPP 401,1,Spring,2017,8,698,SOND101
HAPP 411,2,Spring,2017,6,68,PHYS201
HAPP 420,1,Spring,2017,14,683,PHYS201
HAPP 452,1,Spring,2017,18,200,FA  427
HAPP 452,2,Spring,2017,19,468,PHYS201
HAPP 470,1,Spring,2017,1,154,PUP 208
HAPP 498,1,Spring,2017,7,131,SHER014
HCST 100,1,Spring,2017,5,94,SOND113
HCST 100H,1,Spring,2017,5,94,SOND113
HEBR 102,1,Spring,2017,14,230,SHER207
HIND 102,1,Spring,2017,3,584,SHER210
HIND 202,1,Spring,2017,9,584,FA  464
HIST 101,1,Spring,2017,9,87,UNKWN
HIST 102,1,Spring,2017,45,633,FA  306
HIST 103,1,Spring,2017,9,643,PAHB132
HIST 110,1,Spring,2017,45,70,PUP 105
HIST 110H,1,Spring,2017,45,70,PUP 105
HIST 111,1,Spring,2017,4,257,FA  306
HIST 111Y,1,Spring,2017,4,257,FA  306
HIST 200,1,Spring,2017,9,195,FA 533
HIST 201,1,Spring,2017,2,554,FA  215
HIST 209,1,Spring,2017,14,670,SHER013
HIST 218,1,Spring,2017,4,685,SHER006
HIST 242,1,Spring,2017,5,479,FA  001
HIST 300,1,Spring,2017,5,437,MP  106
HIST 302,1,Spring,2017,169,73,SG_33219
HIST 303,1,Spring,2017,170,160,ITE 229
HIST 306,1,Spring,2017,23,367,SHER150
HIST 313,1,Spring,2017,140,467,SG_32220
HIST 322,1,Spring,2017,12,668,MP  012
HIST 328,1,Spring,2017,2,276,SG_32220
HIST 328,2,Spring,2017,14,220,SHER014
HIST 347,1,Spring,2017,6,633,SHER015
HIST 350,1,Spring,2017,23,160,SHER151
HIST 360,1,Spring,2017,10,668,SHER207
HIST 364,1,Spring,2017,6,70,SHER013
HIST 374,1,Spring,2017,89,704,SHER145
HIST 380,1,Spring,2017,11,473,SHER013
HIST 390,1,Spring,2017,89,643,SHER151
HIST 411,1,Spring,2017,171,437,ENGR021
HIST 411,2,Spring,2017,172,73,SG_32133
HIST 413,1,Spring,2017,3,87,FA  014
HIST 413,2,Spring,2017,9,467,SG_32220
HIST 446,1,Spring,2017,2,670,SOND108
HIST 449,1,Spring,2017,89,454,SHER013
HIST 453,1,Spring,2017,6,519,FA  011
HIST 463,1,Spring,2017,3,426,ENGR022
HIST 468,1,Spring,2017,5,224,SHER013
HIST 472,1,Spring,2017,92,554,FA 533
HIST 479,1,Spring,2017,173,473,SG_34206
HIST 484,1,Spring,2017,13,80,FA 558
HIST 486,1,Spring,2017,170,187,BIOL120
HIST 496,1,Spring,2017,2,73,SHER006
HIST 496,2,Spring,2017,3,467,SG_32203
HIST 497,1,Spring,2017,26,257,FA 533
HIST 497,2,Spring,2017,3,467,SG_TBA
HONR 211,1,Spring,2017,7,647,LIB 216M
HONR 300,1,Spring,2017,24,647,LIB 216M
HONR 300,2,Spring,2017,1,620,PAHB123
HONR 300,3,Spring,2017,44,330,LIB 216M
HONR 300,4,Spring,2017,89,252,FA  343
HONR 300,5,Spring,2017,3,159,PUP 354
HONR 300,6,Spring,2017,15,691,PAHB428
HUM 121H,1,Spring,2017,14,62,PAHB216
INDS 330,1,Spring,2017,14,419,FA  002
INDS 330,2,Spring,2017,15,222,FA  002
INDS 330H,1,Spring,2017,14,419,FA  002
INDS 330H,2,Spring,2017,15,222,FA  002
INDS 335,1,Spring,2017,174,94,FA  002
INDS 430,5,Spring,2017,25,419,FA  002
INDS 480,1,Spring,2017,116,222,SHER007
INTR 152,1,Spring,2017,175,733,UNKWN
INTR 152,2,Spring,2017,176,733,UNKWN
INTR 154,1,Spring,2017,176,733,UNKWN
INTR 157,1,Spring,2017,134,733,UNKWN
INTR 158,1,Spring,2017,134,733,UNKWN
INTR 352,1,Spring,2017,153,733,UNKWN
INTR 354,1,Spring,2017,177,733,UNKWN
INTR 354,2,Spring,2017,178,733,UNKWN
INTR 355,1,Spring,2017,179,733,UNKWN
INTR 357,1,Spring,2017,180,733,UNKWN
INTR 359,1,Spring,2017,180,733,UNKWN
IS 101,1,Spring,2017,5,488,PHYS101
IS 125,1,Spring,2017,8,489,ITE 458
IS 125,3,Spring,2017,15,636,ITE 458
IS 147,1,Spring,2017,45,544,ITE 468
IS 147,2,Spring,2017,1,135,ITE 467
IS 147,4,Spring,2017,19,291,ITE 458
IS 147,5,Spring,2017,16,417,ITE 469
IS 147,6,Spring,2017,16,609,ITE 467
IS 147,7,Spring,2017,43,135,ITE 458
IS 202,1,Spring,2017,19,321,ITE 459
IS 202,2,Spring,2017,15,603,MP  012
IS 246,1,Spring,2017,6,636,ITE 458
IS 247,1,Spring,2017,19,417,SOND111
IS 247,2,Spring,2017,16,291,ITE 241
IS 247,5,Spring,2017,19,562,SHER014
IS 295,1,Spring,2017,19,469,ITE 469
IS 295,2,Spring,2017,9,349,ITE 469
IS 295,3,Spring,2017,3,349,ITE 469
IS 295,4,Spring,2017,7,170,ITE 467
IS 300,1,Spring,2017,7,143,PAHB108
IS 300,2,Spring,2017,3,90,ITE 229
IS 300,3,Spring,2017,89,196,PHYS201
IS 300,4,Spring,2017,15,196,ITE 229
IS 300,5,Spring,2017,5,551,ENGR022
IS 300,6,Spring,2017,16,622,SHER014
IS 303,1,Spring,2017,181,340,BIOL120
IS 304,1,Spring,2017,5,648,PHYS201
IS 304,2,Spring,2017,43,648,ITE 459
IS 310,1,Spring,2017,100,544,ITE 229
IS 310,2,Spring,2017,8,208,MP  106
IS 310,3,Spring,2017,1,204,ENGR022
IS 310,4,Spring,2017,2,412,PHYS201
IS 310,5,Spring,2017,1,67,ENGR333
IS 317,1,Spring,2017,6,432,SOND103
IS 320,1,Spring,2017,20,636,SHER151
IS 325,1,Spring,2017,8,335,ITE 459
IS 325,2,Spring,2017,19,85,FA  015
IS 350,1,Spring,2017,15,242,PAHB107
IS 352,1,Spring,2017,16,59,ITE 231
IS 369,1,Spring,2017,5,582,ITE 468
IS 369,2,Spring,2017,2,582,ITE 468
IS 410,1,Spring,2017,18,427,SHER150
IS 410,2,Spring,2017,9,307,ITE 467
IS 410,3,Spring,2017,5,754,ITE 458
IS 413,1,Spring,2017,182,544,ITE 458
IS 420,1,Spring,2017,183,326,FA  215
IS 420,5,Spring,2017,25,34,ITE 467
IS 420,6,Spring,2017,19,204,ITE 467
IS 425,3,Spring,2017,8,552,PAHB132
IS 427,1,Spring,2017,8,491,ITE 406
IS 430,1,Spring,2017,16,208,ITE 229
IS 436,1,Spring,2017,2,196,ITE 229
IS 436,2,Spring,2017,15,470,SOND409
IS 436,3,Spring,2017,25,515,SHER151
IS 438,1,Spring,2017,25,552,SHER145
IS 440,1,Spring,2017,16,321,PAHB234
IS 448,1,Spring,2017,9,587,ITE 468
IS 448,2,Spring,2017,43,750,ITE 468
IS 450,1,Spring,2017,45,412,ITE 233
IS 450,2,Spring,2017,18,82,PAHB234
IS 450,3,Spring,2017,3,412,SHER014
IS 451,1,Spring,2017,92,431,PAHB107
IS 451,2,Spring,2017,9,242,SOND204
IS 451,3,Spring,2017,25,82,PAHB108
IS 451M,1,Spring,2017,6,242,ITE 467
IS 451U,1,Spring,2017,1,507,ITE 469
IS 452,1,Spring,2017,19,622,ITE 231
IS 471,1,Spring,2017,15,307,ITE 468
IS 498,1,Spring,2017,9,415,ENGR021
IS 498,2,Spring,2017,184,98,ITE 468
JDST 201,1,Spring,2017,29,258,FA  011
JDST 290,1,Spring,2017,9,195,FA 533
JDST 323,1,Spring,2017,185,230,FA  215
JDST 340,1,Spring,2017,7,283,FA  006
JDST 410,1,Spring,2017,6,378,SOND208
JDST 463,1,Spring,2017,3,426,ENGR022
JPNS 102,1,Spring,2017,23,513,ITE 231
JPNS 102,3,Spring,2017,89,478,SHER210
JPNS 102,5,Spring,2017,13,478,SHER210
JPNS 202,1,Spring,2017,26,288,SHER210
JPNS 302,1,Spring,2017,14,288,SHER007
JPNS 319,1,Spring,2017,6,288,ITE 237
KORE 102,1,Spring,2017,45,355,SHER210
KORE 102,2,Spring,2017,6,355,ITE 229
KORE 102,5,Spring,2017,3,371,ITE 231
KORE 202,1,Spring,2017,14,355,SHER210
KORE 302,1,Spring,2017,5,746,FA  006
KORE 310,1,Spring,2017,6,746,PUP 203
LAS 121H,1,Spring,2017,186,354,PAHB216
LAS 300,1,Spring,2017,187,354,PAHB345
LATN 102,1,Spring,2017,188,519,FA  001
LATN 102,2,Spring,2017,189,316,FA  006
LATN 311,1,Spring,2017,26,519,PAHB441
LING 190,1,Spring,2017,29,717,SHER013
LING 190,2,Spring,2017,5,129,SHER151
LING 191,1,Spring,2017,5,362,FA  015
LING 210,1,Spring,2017,14,747,ITE 239
LING 230,1,Spring,2017,6,362,PAHB107
LING 360,1,Spring,2017,23,209,SHER207
LING 410,1,Spring,2017,19,362,FA  459
LING 470,1,Spring,2017,13,717,SOND206
LRC 101A,2,Spring,2017,14,720,SHER011
LRC 101A,3,Spring,2017,6,726,ITE 241
LRC 101A,6,Spring,2017,5,189,ITE 241
LRC 105,1,Spring,2017,14,606,ITE 241
LRC 115,1,Spring,2017,9,565,SHER354
LRC 99,1,Spring,2017,2,714,SHER145
MATH 104,1,Spring,2017,9,38,ENGR027
MATH 104Y,1,Spring,2017,9,38,ENGR027
MATH 106,3,Spring,2017,190,553,ENGR333
MATH 106,4,Spring,2017,191,553,ENGR333
MATH 106,5,Spring,2017,192,553,ENGR333
MATH 106,6,Spring,2017,193,553,SHER003
MATH 120,1,Spring,2017,92,346,MP  103
MATH 132,1,Spring,2017,194,677,SOND113
MATH 150,1,Spring,2017,146,38,AD  101
MATH 150,2,Spring,2017,195,38,UC  115D
MATH 150,5,Spring,2017,146,38,AD  101
MATH 150,6,Spring,2017,196,38,UC  115D
MATH 150,9,Spring,2017,197,161,ENGR027
MATH 150,10,Spring,2017,198,161,BIOL120
MATH 150,13,Spring,2017,197,161,ENGR027
MATH 150,14,Spring,2017,199,161,UC  115D
MATH 151,1,Spring,2017,26,677,SHER003
MATH 151,6,Spring,2017,80,458,AD  101
MATH 151,11,Spring,2017,92,376,LH1 101
MATH 152,1,Spring,2017,23,677,SHER003
MATH 152,6,Spring,2017,5,161,AD  101
MATH 152,11,Spring,2017,13,106,LH1 101
MATH 155,1,Spring,2017,26,38,AD  101
MATH 155,2,Spring,2017,160,38,UC  115D
MATH 155,5,Spring,2017,26,38,AD  101
MATH 155,6,Spring,2017,81,38,UC  115D
MATH 155,9,Spring,2017,11,651,SHER003
MATH 155,10,Spring,2017,200,651,UC  115D
MATH 155,13,Spring,2017,11,651,SHER003
MATH 155,14,Spring,2017,201,651,UC  115D
MATH 215,1,Spring,2017,89,325,ITE 102
MATH 221,1,Spring,2017,9,527,MP  103
MATH 221,2,Spring,2017,14,178,MP  101
MATH 221,3,Spring,2017,3,458,MP  101
MATH 221,4,Spring,2017,89,384,MP  101
MATH 221,5,Spring,2017,2,505,MP  101
MATH 225,1,Spring,2017,89,72,MP  103
MATH 225,2,Spring,2017,9,384,MP  101
MATH 225,3,Spring,2017,14,161,MP  103
MATH 225,4,Spring,2017,32,346,MP  103
MATH 251,1,Spring,2017,23,458,PHYS101
MATH 251,5,Spring,2017,92,226,ENGR027
MATH 301,1,Spring,2017,124,251,SOND110
MATH 301,2,Spring,2017,202,537,SOND108
MATH 301,3,Spring,2017,203,178,SOND109
MATH 302,1,Spring,2017,11,613,MP  101
MATH 341,1,Spring,2017,14,244,SOND109
MATH 355,1,Spring,2017,9,285,SOND109
MATH 365,1,Spring,2017,15,627,SOND109
MATH 385,1,Spring,2017,6,226,FA  306
MATH 404,1,Spring,2017,3,645,MP  103
MATH 407,1,Spring,2017,6,25,SOND109
MATH 411,1,Spring,2017,29,259,SOND111
MATH 413,1,Spring,2017,32,494,MP  012
MATH 430,1,Spring,2017,5,613,SHER145
MATH 475,1,Spring,2017,96,25,ENGR023
MATH 481,1,Spring,2017,92,570,MP  105
MATH 486,1,Spring,2017,204,285,SOND108
MCS 101,1,Spring,2017,9,14,SHER150
MCS 101,5,Spring,2017,14,14,SOND107
MCS 222,1,Spring,2017,15,500,SOND107
MCS 222,2,Spring,2017,9,642,SOND107
MCS 222,3,Spring,2017,14,642,SOND207
MCS 222,4,Spring,2017,9,540,SHER006
MCS 333,1,Spring,2017,5,741,FA  427
MCS 333,2,Spring,2017,2,741,FA  427
MCS 334,1,Spring,2017,14,7,FA  427
MCS 355,1,Spring,2017,5,642,SOND111
MCS 370,1,Spring,2017,14,19,SOND206
MCS 370,2,Spring,2017,3,500,FA  424
MCS 370,3,Spring,2017,51,89,FA  526
MCS 390,1,Spring,2017,2,366,SOND202
MCS 395,1,Spring,2017,7,616,SHER202
MCS 404,1,Spring,2017,13,253,AD  101
MCS 484,1,Spring,2017,44,616,SHER302
MCS 499,1,Spring,2017,6,7,FA  404
MCS 499,2,Spring,2017,2,7,FA  404
MCS 499,3,Spring,2017,8,504,FA  404
MCS 499,4,Spring,2017,7,504,FA  404
MGMT 210,1,Spring,2017,14,24,PUP 208
MGMT 210,2,Spring,2017,45,582,ITE 231
MGMT 210,3,Spring,2017,8,223,ITE 227
MGMT 210,4,Spring,2017,16,215,SHER015
MGMT 210,5,Spring,2017,11,648,ITE 102
MGMT 210,6,Spring,2017,25,223,ITE 231
MGMT 310,2,Spring,2017,7,583,ITE 459
MGMT 360,1,Spring,2017,8,601,ENGR022
MGMT 385,1,Spring,2017,43,432,PAHB107
MGMT 410,1,Spring,2017,1,223,ITE 459
MGMT 425,1,Spring,2017,19,131,ITE 227
MGMT 489,1,Spring,2017,16,538,SHER006
MGMT 489,2,Spring,2017,43,560,SHER006
MLL 190,1,Spring,2017,29,717,SHER013
MLL 190,2,Spring,2017,5,129,SHER151
MLL 191,1,Spring,2017,5,362,FA  015
MLL 210,1,Spring,2017,6,479,SOND206
MLL 220,1,Spring,2017,2,96,UC  115
MLL 230,1,Spring,2017,6,362,PAHB107
MLL 271,1,Spring,2017,14,581,SOND205
MLL 280,1,Spring,2017,5,525,MP  012
MLL 299,2,Spring,2017,135,753,PAHB234
MLL 300,1,Spring,2017,13,680,FA  006
MLL 301,1,Spring,2017,9,630,SOND206
MLL 305,1,Spring,2017,19,347,SOND114
MLL 305,2,Spring,2017,16,347,SOND107
MLL 305,3,Spring,2017,1,347,MP  104
MLL 315,1,Spring,2017,7,746,ITE 456
MLL 322,1,Spring,2017,11,486,FA  427
MLL 327,1,Spring,2017,5,288,MP  010
MLL 406,1,Spring,2017,8,616,FA  418
MLL 470,1,Spring,2017,19,485,PAHB124
MLL 480,1,Spring,2017,2,366,SOND202
MUSC 101,1,Spring,2017,3,550,PAHB234
MUSC 101,2,Spring,2017,25,148,PAHB132
MUSC 101,3,Spring,2017,9,550,PAHB234
MUSC 111,1,Spring,2017,23,148,PAHB141
MUSC 111,2,Spring,2017,4,148,PAHB141
MUSC 112,2,Spring,2017,205,759,PAHB140
MUSC 126,1,Spring,2017,45,575,PAHB151
MUSC 162,1,Spring,2017,206,408,PAHB246
MUSC 170,1,Spring,2017,207,304,PAHB151
MUSC 171,1,Spring,2017,85,304,PAHB144
MUSC 175,1,Spring,2017,208,304,PAHB255
MUSC 177,1,Spring,2017,209,50,PAHB129
MUSC 177,2,Spring,2017,210,50,PAHB129
MUSC 179,1,Spring,2017,211,50,PAHB129
MUSC 179,2,Spring,2017,212,50,PAHB129
MUSC 180,1,Spring,2017,213,50,PAHB129
MUSC 181,1,Spring,2017,95,50,PAHB129
MUSC 183,1,Spring,2017,214,693,PAHB141
MUSC 187,1,Spring,2017,215,104,PAHB151
MUSC 189,1,Spring,2017,216,759,PAHB151
MUSC 191,1,Spring,2017,217,184,PAHB144
MUSC 191,2,Spring,2017,217,589,PAHB141
MUSC 191,3,Spring,2017,217,732,PAHB157
MUSC 211,1,Spring,2017,26,148,PAHB141
MUSC 211,2,Spring,2017,30,148,PAHB141
MUSC 214,1,Spring,2017,6,246,PAHB132
MUSC 215,1,Spring,2017,8,18,PAHB107
MUSC 219,1,Spring,2017,218,732,PAHB157
MUSC 222,1,Spring,2017,45,53,PAHB141
MUSC 226,1,Spring,2017,204,397,PAHB234
MUSC 230,1,Spring,2017,6,47,PAHB234
MUSC 252,1,Spring,2017,5,312,PAHB132
MUSC 303,1,Spring,2017,5,108,PAHB144
MUSC 304,1,Spring,2017,219,304,PAHB144
MUSC 305,1,Spring,2017,220,549,PAHB144
MUSC 307,1,Spring,2017,221,148,PAHB151
MUSC 307,6,Spring,2017,5,246,PAHB173
MUSC 307,8,Spring,2017,5,53,PAHB141
MUSC 307,10,Spring,2017,3,294,PAHB144
MUSC 307,11,Spring,2017,174,759,PAHB151
MUSC 308,1,Spring,2017,222,328,PAHB144
MUSC 309,1,Spring,2017,43,117,PAHB151
MUSC 310,1,Spring,2017,2,47,PAHB151
MUSC 311,1,Spring,2017,6,184,PAHB246
MUSC 312,1,Spring,2017,6,184,UNKWN
MUSC 319,1,Spring,2017,223,732,PAHB157
MUSC 320,1,Spring,2017,224,53,PAHB151
MUSC 322,1,Spring,2017,2,312,PAHB132
MUSC 324,1,Spring,2017,225,53,PAHB134
MUSC 385,1,Spring,2017,14,108,PAHB151
MUSC 400,1,Spring,2017,51,89,FA  526
MUSC 416,1,Spring,2017,226,732,PAHB157
MUSC 480,1,Spring,2017,227,575,PAHB151
NAVY 101,1,Spring,2017,45,476,PAHB234
NAVY 105,1,Spring,2017,228,716,PAHB234
PHED 103,1,Spring,2017,229,109,RAC 126-2
PHED 105,1,Spring,2017,45,40,RAC 100
PHED 109,1,Spring,2017,14,738,RAC 100
PHED 109,2,Spring,2017,113,306,RAC 100
PHED 111,1,Spring,2017,14,493,RAC 100
PHED 111,2,Spring,2017,5,306,RAC 100
PHED 111,3,Spring,2017,230,10,RAC 100
PHED 112,1,Spring,2017,146,237,RAC 100
PHED 113,1,Spring,2017,231,236,RAC 100
PHED 121,1,Spring,2017,78,306,RAC 100
PHED 121,2,Spring,2017,113,79,RAC 100
PHED 121,3,Spring,2017,14,306,RAC 100
PHED 123,1,Spring,2017,2,383,PAHB234
PHED 125,1,Spring,2017,45,493,RAC 100
PHED 125,2,Spring,2017,146,75,RAC 100
PHED 133,1,Spring,2017,45,352,RAC 100
PHED 133,2,Spring,2017,6,306,RAC 100
PHED 133,3,Spring,2017,5,658,RAC 100
PHED 135,1,Spring,2017,15,729,RAC 100
PHED 135,2,Spring,2017,14,614,RAC 100
PHED 137,1,Spring,2017,113,142,RAC 100
PHED 137,2,Spring,2017,146,142,RAC 100
PHED 137,3,Spring,2017,6,142,RAC 100
PHED 143,2,Spring,2017,232,403,RAC 100
PHED 144,1,Spring,2017,6,6,RAC 100
PHED 144,2,Spring,2017,14,6,RAC 100
PHED 146,1,Spring,2017,14,299,RAC 100
PHED 153,1,Spring,2017,233,403,SOND103
PHED 153,2,Spring,2017,234,403,MP  008
PHED 153,3,Spring,2017,235,403,ITE 456
PHED 153,4,Spring,2017,236,403,SHER007
PHED 153,5,Spring,2017,236,403,MP  012
PHED 153,6,Spring,2017,233,403,FA  018
PHED 157,1,Spring,2017,234,403,MP  010
PHED 160,1,Spring,2017,237,757,RAC 100
PHED 160,2,Spring,2017,88,757,RAC 100
PHED 162,1,Spring,2017,238,156,RAC 100
PHED 164,1,Spring,2017,231,144,RAC 100
PHED 193,1,Spring,2017,43,718,SOND112
PHIL 100,1,Spring,2017,4,674,ENGR022
PHIL 100,2,Spring,2017,23,674,ENGR022
PHIL 100,3,Spring,2017,26,674,ENGR022
PHIL 100,4,Spring,2017,9,105,ENGR022
PHIL 100,5,Spring,2017,89,734,SOND204
PHIL 100,6,Spring,2017,14,520,SOND202
PHIL 100,7,Spring,2017,6,503,SOND113
PHIL 100,9,Spring,2017,2,503,PAHB108
PHIL 146,1,Spring,2017,4,92,PAHB107
PHIL 146,2,Spring,2017,23,92,PAHB108
PHIL 150,1,Spring,2017,113,186,PAHB132
PHIL 152,1,Spring,2017,9,186,FA  014
PHIL 152,2,Spring,2017,3,310,SOND204
PHIL 152,3,Spring,2017,13,310,SOND202
PHIL 152,4,Spring,2017,6,477,SOND202
PHIL 152,5,Spring,2017,5,186,PAHB107
PHIL 251,1,Spring,2017,9,310,SOND409
PHIL 322,1,Spring,2017,6,305,UC  115
PHIL 346,1,Spring,2017,13,734,SOND203
PHIL 353,1,Spring,2017,89,105,UC  115
PHIL 372,1,Spring,2017,5,516,PAHB229
PHIL 380,1,Spring,2017,3,739,PAHB229
PHIL 399B,1,Spring,2017,11,477,PAHB229
PHIL 484,1,Spring,2017,2,305,PAHB456
PHIL 498,1,Spring,2017,14,186,PAHB456
PHIL 499,1,Spring,2017,9,674,PAHB456
PHYS 105,1,Spring,2017,4,233,SHER145
PHYS 106,1,Spring,2017,26,233,MP  106
PHYS 111,1,Spring,2017,23,15,LH1 101
PHYS 112,1,Spring,2017,80,282,LH1 101
PHYS 121,1,Spring,2017,4,150,MEYR030
PHYS 121,10,Spring,2017,26,150,PHYS101
PHYS 121H,1,Spring,2017,4,150,MEYR030
PHYS 122,1,Spring,2017,26,15,ENGR027
PHYS 122H,1,Spring,2017,26,736,PUP 208
PHYS 122L,2,Spring,2017,239,666,PHYS110
PHYS 122L,3,Spring,2017,240,666,PHYS110
PHYS 220,1,Spring,2017,14,752,SOND110
PHYS 224,1,Spring,2017,30,232,PHYS226
PHYS 304,1,Spring,2017,4,687,PHYS201
PHYS 320L,2,Spring,2017,241,736,PHYS209
PHYS 321,1,Spring,2017,30,666,PUP 208
PHYS 324,1,Spring,2017,23,273,PUP 208
PHYS 408,1,Spring,2017,4,751,MP  103
PHYS 416,1,Spring,2017,242,438,MP  010
PHYS 424,1,Spring,2017,26,523,SOND114
PHYS 431L,2,Spring,2017,243,508,PHYS208
POLI 100,1,Spring,2017,92,345,PUP 206
POLI 100,2,Spring,2017,244,345,PUP 206
POLI 209,1,Spring,2017,18,351,FA  011
POLI 230,1,Spring,2017,5,74,SOND208
POLI 281,1,Spring,2017,5,284,SOND206
POLI 301,1,Spring,2017,5,297,SOND209
POLI 301,2,Spring,2017,6,297,MP  008
POLI 309,1,Spring,2017,14,19,SOND206
POLI 319,1,Spring,2017,7,694,FA  018
POLI 320,1,Spring,2017,2,694,SOND204
POLI 323,1,Spring,2017,245,661,SG_32225
POLI 327,1,Spring,2017,19,591,SOND204
POLI 337,2,Spring,2017,246,463,SG_32225
POLI 338,1,Spring,2017,25,486,SOND112
POLI 350,1,Spring,2017,247,709,SG_34206
POLI 352,1,Spring,2017,8,441,SOND209
POLI 353,1,Spring,2017,9,439,FA  424
POLI 360,3,Spring,2017,248,706,SG_32225
POLI 361,1,Spring,2017,14,217,PUP 354
POLI 361,2,Spring,2017,45,217,PUP 354
POLI 377,1,Spring,2017,2,210,FA  424
POLI 379,1,Spring,2017,172,158,SG_32225
POLI 380,1,Spring,2017,2,284,SOND207
POLI 384L,1,Spring,2017,16,284,PUP 105
POLI 390,1,Spring,2017,5,652,SHER014
POLI 409,3,Spring,2017,1,19,MP  008
POLI 429,1,Spring,2017,7,74,FA  424
POLI 432,2,Spring,2017,9,159,PUP 354
POLI 438,1,Spring,2017,8,159,PUP 354
POLI 439,1,Spring,2017,3,159,PUP 354
POLI 445,1,Spring,2017,43,390,PUP 438
POLI 448,2,Spring,2017,7,297,PUP 354
POLI 450,1,Spring,2017,89,311,PHYS107
POLI 469,1,Spring,2017,5,217,PUP 354
POLI 470,1,Spring,2017,3,256,PHYS107
POLI 474,1,Spring,2017,9,256,PAHB124
POLI 485,1,Spring,2017,6,378,SOND208
POLI 486,1,Spring,2017,19,652,FA 558
POLI 486,2,Spring,2017,140,510,SG_32203
POLI 488,1,Spring,2017,1,262,PUP 354
POLI 489,1,Spring,2017,8,84,FA  526
POLI 489,2,Spring,2017,9,262,ITE 237
POLI 489,3,Spring,2017,14,378,PHYS107
PSYC 100,1,Spring,2017,5,475,ENGR027
PSYC 100,2,Spring,2017,13,671,MEYR030
PSYC 100H,1,Spring,2017,5,475,UNKWN
PSYC 200,1,Spring,2017,249,566,ITE 102
PSYC 200,2,Spring,2017,145,625,AD  101
PSYC 200,3,Spring,2017,250,598,MEYR030
PSYC 210,1,Spring,2017,3,83,SHER003
PSYC 210,2,Spring,2017,45,665,MEYR030
PSYC 211,1,Spring,2017,251,168,UC  115
PSYC 211,2,Spring,2017,112,566,MP  106
PSYC 211,3,Spring,2017,252,389,MP  104
PSYC 211,4,Spring,2017,253,590,SOND105
PSYC 216,1,Spring,2017,1,308,MEYR256
PSYC 230,2,Spring,2017,2,558,MP  104
PSYC 285,1,Spring,2017,113,453,UC  115
PSYC 285,2,Spring,2017,3,296,LH1 101
PSYC 285,3,Spring,2017,11,193,SOND105
PSYC 304,1,Spring,2017,254,245,SG_22052
PSYC 305,1,Spring,2017,6,566,BIOL120
PSYC 306,1,Spring,2017,113,192,ENGR027
PSYC 307,1,Spring,2017,255,380,UC  115
PSYC 307,2,Spring,2017,109,377,SG_33220
PSYC 308,1,Spring,2017,45,475,FA  011
PSYC 308,2,Spring,2017,256,245,SG_22052
PSYC 309,1,Spring,2017,111,343,SG_34211
PSYC 311,1,Spring,2017,45,164,UC  115
PSYC 311,2,Spring,2017,3,5,SOND409
PSYC 311,3,Spring,2017,13,5,SOND105
PSYC 311,4,Spring,2017,257,12,SG_34220
PSYC 311,5,Spring,2017,258,712,SG_34212
PSYC 312,1,Spring,2017,259,524,FA  011
PSYC 316,1,Spring,2017,3,31,SOND202
PSYC 320,1,Spring,2017,3,453,SHER145
PSYC 324,1,Spring,2017,5,243,MP  101
PSYC 330,1,Spring,2017,3,124,UC  115
PSYC 335,1,Spring,2017,45,218,BIOL120
PSYC 335,2,Spring,2017,11,29,AD  101
PSYC 335,3,Spring,2017,172,669,SG_34211
PSYC 340,1,Spring,2017,1,548,MP  106
PSYC 342,1,Spring,2017,89,17,SOND105
PSYC 342,2,Spring,2017,260,598,SOND409
PSYC 342,4,Spring,2017,172,712,SG_34215
PSYC 345,1,Spring,2017,3,17,PAHB132
PSYC 345,2,Spring,2017,261,343,SG_33206
PSYC 346,1,Spring,2017,1,138,SOND409
PSYC 346,2,Spring,2017,262,580,SG_32226
PSYC 353,1,Spring,2017,89,105,UC  115
PSYC 357,1,Spring,2017,3,192,SOND105
PSYC 357,2,Spring,2017,169,669,SG_33225
PSYC 360,1,Spring,2017,6,533,SOND409
PSYC 360,2,Spring,2017,263,580,SG_32225
PSYC 365,1,Spring,2017,8,298,MP  104
PSYC 370,1,Spring,2017,14,532,FA  215
PSYC 370,2,Spring,2017,6,29,SOND105
PSYC 370,3,Spring,2017,244,29,SOND105
PSYC 375,1,Spring,2017,16,594,SOND409
PSYC 380,1,Spring,2017,43,548,UC  115
PSYC 380,3,Spring,2017,254,343,SG_32226
PSYC 382,1,Spring,2017,256,451,SG_33206
PSYC 385,1,Spring,2017,19,46,FA  014
PSYC 387,1,Spring,2017,92,296,SOND105
PSYC 400,1,Spring,2017,14,635,SOND406
PSYC 400,2,Spring,2017,2,644,SOND406
PSYC 406,1,Spring,2017,169,592,SG_33242
PSYC 411,1,Spring,2017,8,49,MP  008
PSYC 415,1,Spring,2017,24,12,SG_32133
PSYC 421,1,Spring,2017,8,124,SOND111
PSYC 444,1,Spring,2017,89,453,MP  010
PSYC 455,1,Spring,2017,264,593,SOND406
PSYC 465,1,Spring,2017,8,475,SOND406
PSYC 493,2,Spring,2017,6,153,SOND406
PUB 150H,1,Spring,2017,9,311,PUP 438
RLST 202,1,Spring,2017,29,258,FA  011
RLST 314,1,Spring,2017,10,668,SHER207
RLST 463,1,Spring,2017,3,426,ENGR022
RUSS 102,1,Spring,2017,23,753,FA  006
RUSS 102,2,Spring,2017,5,128,ITE 237
RUSS 202,1,Spring,2017,26,753,ITE 239
RUSS 302,1,Spring,2017,80,753,SHER108
RUSS 304,1,Spring,2017,213,753,SHER108
RUSS 321,1,Spring,2017,6,747,FA  459
RUSS 415,1,Spring,2017,3,753,FA 301
SCI 100,100,Spring,2017,20,91,PHYS101
SCI 100,200,Spring,2017,21,91,PHYS101
SCI 100,300,Spring,2017,70,597,PHYS101
SCI 101L,2,Spring,2017,71,360,MEYR201
SOCY 101,1,Spring,2017,6,141,ITE 104
SOCY 101,2,Spring,2017,2,141,ITE 104
SOCY 101,3,Spring,2017,3,705,ITE 104
SOCY 101Y,1,Spring,2017,6,141,ITE 104
SOCY 101Y,3,Spring,2017,3,705,ITE 104
SOCY 201,1,Spring,2017,23,191,BIOL120
SOCY 204,1,Spring,2017,26,191,MP  101
SOCY 300,1,Spring,2017,202,270,MP  103
SOCY 300,2,Spring,2017,125,191,MP  104
SOCY 301,1,Spring,2017,265,344,ENGR104
SOCY 310,1,Spring,2017,7,141,SOND108
SOCY 310,2,Spring,2017,173,301,SG_32226
SOCY 321,1,Spring,2017,1,518,PUP 105
SOCY 321,2,Spring,2017,266,301,SG_32226
SOCY 333,1,Spring,2017,2,391,PUP 105
SOCY 351,1,Spring,2017,5,637,SOND103
SOCY 352,1,Spring,2017,3,468,PHYS101
SOCY 353,1,Spring,2017,45,270,ENGR027
SOCY 354,1,Spring,2017,26,322,FA  427
SOCY 354,2,Spring,2017,16,521,PHYS201
SOCY 359,1,Spring,2017,16,163,ITE 233
SOCY 372,1,Spring,2017,18,21,ITE 104
SOCY 374,1,Spring,2017,14,344,BIOL120
SOCY 396,1,Spring,2017,85,730,PUP 203
SOCY 409,1,Spring,2017,6,344,MP  101
SOCY 415,1,Spring,2017,19,57,PUP 203
SOCY 418,1,Spring,2017,25,404,ENGR333
SOCY 433,1,Spring,2017,19,8,PUP 204
SOCY 452,1,Spring,2017,18,200,FA  427
SOCY 452,2,Spring,2017,19,468,PHYS201
SOCY 458,1,Spring,2017,7,637,PUP 204
SOWK 240,3,Spring,2017,267,697,SG_33225
SOWK 260,1,Spring,2017,7,433,SOND111
SOWK 260,2,Spring,2017,7,586,SOND107
SOWK 260,3,Spring,2017,173,162,SG_32220
SOWK 360,1,Spring,2017,7,676,SHER006
SOWK 360,2,Spring,2017,19,607,SOND108
SOWK 360,3,Spring,2017,267,313,SG_32220
SOWK 360,4,Spring,2017,169,607,SG_33203
SOWK 370,1,Spring,2017,1,607,SOND108
SOWK 372,1,Spring,2017,24,190,SG_33219
SOWK 374,1,Spring,2017,157,480,SG_33219
SOWK 387,1,Spring,2017,16,702,SOND108
SOWK 388,1,Spring,2017,15,480,SHER006
SOWK 388,2,Spring,2017,24,289,SG_34219
SOWK 389,1,Spring,2017,9,480,SOND112
SOWK 389,3,Spring,2017,254,266,SG_33219
SOWK 389,5,Spring,2017,186,480,SG_21032
SOWK 389,2,Spring,2017,9,357,SOND207
SOWK 397,1,Spring,2017,268,309,ITE 456
SOWK 397,2,Spring,2017,14,118,FA  015
SOWK 397,3,Spring,2017,19,118,SOND207
SOWK 397,4,Spring,2017,254,450,SG_34219
SOWK 397,5,Spring,2017,254,678,SG_32203
SOWK 397,6,Spring,2017,267,266,SG_33219
SOWK 470,1,Spring,2017,1,719,SOND107
SOWK 470,2,Spring,2017,186,678,SG_32203
SOWK 482,1,Spring,2017,269,188,UNKWN
SOWK 482,2,Spring,2017,270,188,UNKWN
SOWK 482,4,Spring,2017,269,374,UNKWN
SOWK 482,5,Spring,2017,270,374,UNKWN
SOWK 483,1,Spring,2017,5,54,SHER210
SOWK 483,2,Spring,2017,9,54,ITE 241
SOWK 483,3,Spring,2017,271,678,ITE 237
SOWK 483,4,Spring,2017,157,289,SG_21042
SOWK 483,5,Spring,2017,186,289,SG_21042
SOWK 483,6,Spring,2017,169,309,SG_32220
SPAN 101,1,Spring,2017,23,699,ITE 456
SPAN 101,2,Spring,2017,26,699,ITE 456
SPAN 101,3,Spring,2017,9,563,ITE 456
SPAN 101,4,Spring,2017,45,134,ITE 241
SPAN 101,5,Spring,2017,6,134,SOND114
SPAN 102,1,Spring,2017,23,277,SOND114
SPAN 102,2,Spring,2017,26,563,SOND207
SPAN 102,3,Spring,2017,3,274,ITE 241
SPAN 102,4,Spring,2017,89,717,SOND207
SPAN 102,5,Spring,2017,45,248,SOND107
SPAN 102,6,Spring,2017,14,248,SOND103
SPAN 102,7,Spring,2017,6,248,SOND207
SPAN 102,8,Spring,2017,5,407,SOND202
SPAN 102,9,Spring,2017,2,248,SOND206
SPAN 102,10,Spring,2017,11,248,SOND209
SPAN 103,1,Spring,2017,4,563,SOND205
SPAN 103,2,Spring,2017,23,563,SOND205
SPAN 103,3,Spring,2017,45,407,SOND207
SPAN 103,4,Spring,2017,6,407,SOND107
SPAN 103,5,Spring,2017,2,444,SOND208
SPAN 201,1,Spring,2017,4,275,SOND203
SPAN 201,2,Spring,2017,23,275,SOND203
SPAN 201,3,Spring,2017,26,277,SOND205
SPAN 201,5,Spring,2017,9,247,SOND205
SPAN 201,6,Spring,2017,3,247,SOND207
SPAN 201,7,Spring,2017,3,277,SOND205
SPAN 201,8,Spring,2017,13,277,SHER006
SPAN 201,9,Spring,2017,45,110,SOND205
SPAN 201,10,Spring,2017,45,247,SOND109
SPAN 201,11,Spring,2017,14,247,SOND208
SPAN 201,12,Spring,2017,6,110,SHER011
SPAN 201,13,Spring,2017,5,110,SOND105
SPAN 201,14,Spring,2017,2,110,SOND209
SPAN 201,15,Spring,2017,11,585,SOND208
SPAN 202,1,Spring,2017,3,275,MP  010
SPAN 202,2,Spring,2017,45,689,FA  459
SPAN 301,1,Spring,2017,11,23,SHER108
SPAN 301,2,Spring,2017,9,689,FA  526
SPAN 302,1,Spring,2017,89,99,FA 301
SPAN 302,2,Spring,2017,5,599,MEYR256
SPAN 304,1,Spring,2017,14,599,SHER108
SPAN 307,1,Spring,2017,2,23,PUP 203
SPAN 308,1,Spring,2017,3,382,ITE 237
SPAN 311,1,Spring,2017,6,23,SHER210
SPAN 401,1,Spring,2017,1,452,MP  105
SPAN 421,1,Spring,2017,7,452,SOND207
SPAN 472,1,Spring,2017,19,525,FA  002
SPCH 100,1,Spring,2017,6,428,FA  015
SPCH 210,1,Spring,2017,6,396,FA  001
STAT 121,1,Spring,2017,3,9,ITE 102
STAT 350,1,Spring,2017,92,631,AD  101
STAT 351,1,Spring,2017,26,157,ITE 102
STAT 355,1,Spring,2017,5,406,ITE 102
STAT 355,4,Spring,2017,13,495,PHYS101
STAT 355,7,Spring,2017,32,341,ITE 102
STAT 365,1,Spring,2017,15,627,SOND109
STAT 405,1,Spring,2017,5,497,SOND110
STAT 414,1,Spring,2017,29,460,MP  101
STAT 453,1,Spring,2017,14,651,SHER151
STAT 470,1,Spring,2017,21,627,SOND108
THTR 100,1,Spring,2017,146,596,PAHB201
THTR 104,1,Spring,2017,211,416,PAHB201
THTR 104,2,Spring,2017,272,416,PAHB205
THTR 104,3,Spring,2017,273,416,PAHB205
THTR 110,1,Spring,2017,14,145,FA  318
THTR 110,2,Spring,2017,6,604,FA  318
THTR 110,3,Spring,2017,5,268,PAHB102
THTR 202,1,Spring,2017,9,240,ITE 231
THTR 221,1,Spring,2017,274,456,PAHB102
THTR 222,1,Spring,2017,14,713,PAHB102
THTR 231,1,Spring,2017,9,596,PAHB230
THTR 233,1,Spring,2017,6,3,PAHB201
THTR 234,1,Spring,2017,14,646,PAHB013
THTR 237,1,Spring,2017,6,435,PAHB230
THTR 239,1,Spring,2017,6,145,PAHB102
THTR 244,1,Spring,2017,2,3,PAHB201
THTR 263,1,Spring,2017,275,416,PAHB205
THTR 264,1,Spring,2017,76,596,PAHB119
THTR 264,2,Spring,2017,276,596,PAHB119
THTR 325,1,Spring,2017,76,713,PAHB105
THTR 335,1,Spring,2017,9,435,PAHB201
THTR 347,1,Spring,2017,37,713,PAHB102
THTR 371,1,Spring,2017,76,424,FA  318
THTR 390,1,Spring,2017,277,268,FA  318
THTR 390,2,Spring,2017,277,456,PAHB102
THTR 411,1,Spring,2017,5,354,PAHB201
THTR 432,1,Spring,2017,9,628,PAHB009
THTR 434,1,Spring,2017,76,416,PAHB205
THTR 470,1,Spring,2017,51,89,FA  526
TRS 201,1,Spring,2017,115,724,BIOL461
VPA 225,1,Spring,2017,18,621,FA  001
WOL 102,1,Spring,2017,6,320,MP  012
,,,2017,,,
